title,price_gbp
The Death of Humanity: and the Case for Life,58.11
Slow States of Collapse: Poems,57.31
"Our Band Could Be Your Life: Scenes from the American Indie Underground, 1981-1991",57.25
The Past Never Ends,56.5
"The Pioneer Woman Cooks: Dinnertime: Comfort Classics, Freezer Food, 16-Minute Meals, and Other Delicious Ways to Solve Supper!",56.41
Masks and Shadows,56.4
The Secret of Dreadwillow Carse,56.13
The Electric Pencil: Drawings from Inside State Hospital No. 3,56.06
Birdsong: A Story in Pictures,54.64
Sapiens: A Brief History of Humankind,54.23
